customer_id,age,customer_since,credit_limit,avg_monthly_spend,risk_score,region,account_tier,is_active
CUST-00001,58,2022-09-02,1825.09,386.2,68.5,Nordeste,Standard,1
CUST-00002,19,2017-08-17,2949.65,1098.66,17.5,Centro-Oeste,Standard,1
CUST-00003,66,2020-02-23,2139.78,598.05,80.4,Nordeste,Standard,1
CUST-00004,23,2017-09-23,2885.92,1566.26,76.3,Sudeste,Standard,1
CUST-00005,72,2021-04-23,8561.51,2797.09,69.8,Sudeste,Premium,1
CUST-00006,61,2016-08-26,2904.93,1066.31,48.1,Sudeste,Standard,1
CUST-00007,38,2023-04-17,1096.3,282.55,46.7,Sudeste,Standard,1
CUST-00008,47,2022-04-26,1739.88,662.34,53.4,Sudeste,Standard,1
CUST-00009,21,2022-09-09,1479.95,651.53,50.0,Nordeste,Standard,1
CUST-00010,18,2016-04-16,12180.52,4488.34,10.0,Sudeste,Premium,1
CUST-00011,64,2020-12-19,41073.58,14533.51,2.3,Sudeste,Business,1
CUST-00012,41,2022-02-09,3335.88,1218.19,3.2,Centro-Oeste,Standard,1
CUST-00013,54,2023-01-14,2457.97,330.86,85.5,Sudeste,Standard,1
CUST-00014,56,2019-03-05,47334.26,22608.39,17.2,Sudeste,Business,1
CUST-00015,51,2018-11-09,1674.09,450.4,71.8,Sudeste,Standard,1
CUST-00016,20,2020-03-19,1714.01,744.72,33.5,Sudeste,Standard,1
CUST-00017,24,2016-07-12,2270.74,757.32,69.0,Sul,Standard,1
CUST-00018,30,2017-11-27,2265.64,542.11,37.7,Sudeste,Standard,1
CUST-00019,52,2023-10-03,47238.76,24769.54,4.4,Sudeste,Business,1
CUST-00020,42,2023-11-24,22445.11,11043.79,14.6,Sul,Business,1
CUST-00021,63,2018-06-18,1890.12,1104.5,49.7,Sul,Standard,1
CUST-00022,50,2023-01-08,4822.26,646.09,55.3,Sudeste,Premium,1
CUST-00023,20,2016-12-22,2972.12,1137.17,29.9,Nordeste,Standard,1
CUST-00024,59,2020-07-22,3787.05,2150.54,5.5,Sudeste,Standard,1
CUST-00025,26,2020-01-03,14551.24,4143.66,3.3,Sudeste,Premium,1
CUST-00026,59,2017-12-27,3451.31,861.76,81.3,Nordeste,Standard,1
CUST-00027,35,2020-10-04,12611.35,2544.95,47.6,Sul,Premium,1
CUST-00028,23,2016-10-21,1830.04,186.25,78.6,Sudeste,Standard,1
CUST-00029,18,2022-08-31,3649.32,2014.29,47.8,Nordeste,Standard,1
CUST-00030,68,2023-06-22,6520.92,1465.67,2.5,Sudeste,Premium,1
CUST-00031,27,2021-04-07,15714.47,7941.87,89.9,Centro-Oeste,Premium,1
CUST-00032,69,2016-05-29,13728.99,3204.39,72.4,Sul,Premium,1
CUST-00033,70,2018-10-04,3461.61,1854.25,38.2,Norte,Standard,1
CUST-00034,40,2016-09-22,3038.55,1585.61,35.6,Norte,Standard,1
CUST-00035,40,2020-05-27,3952.71,623.83,14.0,Sudeste,Standard,1
CUST-00036,65,2016-05-26,2293.89,1317.7,49.8,Sudeste,Standard,1
CUST-00037,30,2019-03-16,8549.74,4053.15,7.5,Sul,Premium,1
CUST-00038,31,2019-02-06,11279.94,2945.47,16.0,Sudeste,Premium,1
CUST-00039,65,2022-01-06,7405.44,3198.61,64.2,Nordeste,Premium,1
CUST-00040,69,2021-09-08,1138.64,674.04,59.0,Sudeste,Standard,1
CUST-00041,42,2018-05-18,1442.71,640.29,51.1,Nordeste,Standard,1
CUST-00042,62,2018-02-10,2672.22,1493.06,25.7,Sudeste,Standard,1
CUST-00043,66,2018-12-16,12631.29,4451.13,44.3,Sudeste,Premium,1
CUST-00044,34,2021-02-23,7327.74,3582.07,39.3,Sudeste,Premium,1
CUST-00045,39,2020-05-02,4966.93,871.28,39.4,Sudeste,Premium,1
CUST-00046,47,2019-04-04,3498.67,1031.19,95.1,Sudeste,Standard,1
CUST-00047,40,2020-07-27,14241.38,8213.22,12.7,Sudeste,Premium,1
CUST-00048,32,2020-11-10,1087.07,291.41,79.7,Nordeste,Standard,1
CUST-00049,19,2019-07-03,2989.0,424.36,66.9,Centro-Oeste,Standard,1
CUST-00050,39,2019-09-02,3853.61,1197.63,92.0,Norte,Standard,0
CUST-00051,33,2021-09-07,11456.03,2511.99,51.1,Sudeste,Premium,1
CUST-00052,41,2022-01-14,15564.82,7147.03,65.8,Sudeste,Premium,1
CUST-00053,54,2016-04-28,26574.01,15166.73,4.6,Nordeste,Business,1
CUST-00054,37,2016-03-31,5452.66,3227.55,52.4,Centro-Oeste,Premium,1
CUST-00055,39,2023-10-12,13867.97,2118.6,54.0,Sudeste,Premium,1
CUST-00056,64,2018-01-25,22628.09,11406.81,16.5,Sudeste,Business,1
CUST-00057,72,2021-03-02,5039.95,2725.68,13.2,Centro-Oeste,Premium,0
CUST-00058,72,2020-04-10,1636.36,816.41,29.4,Norte,Standard,1
CUST-00059,23,2021-03-19,9862.93,4725.16,29.3,Sudeste,Premium,1
CUST-00060,32,2019-05-21,7674.47,2999.01,23.0,Sudeste,Premium,1
CUST-00061,62,2018-10-31,1754.21,281.25,28.7,Nordeste,Standard,1
CUST-00062,48,2020-10-26,15719.28,5695.38,37.1,Nordeste,Premium,1
CUST-00063,18,2017-12-06,1136.55,144.64,30.2,Nordeste,Standard,0
CUST-00064,36,2018-08-28,2022.12,1178.39,35.3,Sudeste,Standard,1
CUST-00065,69,2017-08-10,15694.28,3517.02,18.8,Sudeste,Business,1
CUST-00066,42,2018-11-13,23650.74,9324.6,11.2,Sul,Business,1
CUST-00067,66,2021-08-03,7175.75,1008.87,10.8,Sudeste,Premium,1
CUST-00068,48,2020-08-27,1864.31,449.97,18.9,Sudeste,Standard,1
CUST-00069,25,2017-10-24,1446.97,336.88,47.1,Sudeste,Standard,1
CUST-00070,37,2016-01-27,1816.74,672.18,20.6,Sudeste,Standard,0
CUST-00071,32,2016-05-11,10902.39,6273.16,71.9,Norte,Premium,1
CUST-00072,48,2018-02-06,14992.87,2859.81,24.2,Nordeste,Premium,1
CUST-00073,39,2020-04-26,14292.8,3786.19,49.9,Sudeste,Premium,1
CUST-00074,47,2022-12-07,1969.82,1152.53,42.0,Nordeste,Standard,1
CUST-00075,66,2018-05-01,13119.89,2647.32,19.7,Sul,Premium,1
CUST-00076,33,2022-02-22,1041.02,316.47,61.6,Sudeste,Standard,1
CUST-00077,63,2020-08-24,1820.27,941.74,26.4,Nordeste,Standard,1
CUST-00078,44,2020-02-09,31540.16,16094.15,10.3,Sul,Business,1
CUST-00079,27,2018-11-29,2035.37,765.22,63.0,Sudeste,Standard,1
CUST-00080,32,2019-04-25,3234.12,1463.81,61.1,Sul,Standard,1
CUST-00081,20,2022-07-03,2770.54,1481.82,37.9,Sudeste,Standard,1
CUST-00082,48,2020-12-12,3078.11,1307.95,81.1,Sudeste,Standard,1
CUST-00083,20,2016-12-29,2893.48,1621.69,38.5,Sudeste,Standard,1
CUST-00084,19,2023-05-28,1168.36,326.24,51.1,Nordeste,Standard,1
CUST-00085,57,2019-08-19,6889.96,3833.67,7.8,Nordeste,Premium,0
CUST-00086,69,2018-09-14,37910.41,6785.5,15.6,Sudeste,Business,1
CUST-00087,34,2018-10-18,6390.6,1868.27,39.3,Sudeste,Premium,1
CUST-00088,36,2023-09-04,37183.62,8821.45,13.4,Norte,Business,1
CUST-00089,49,2020-09-16,6761.42,3387.24,22.2,Sudeste,Premium,1
CUST-00090,61,2022-05-21,14840.84,6280.2,17.5,Sudeste,Premium,1
CUST-00091,36,2020-04-03,6107.68,1014.36,41.7,Sudeste,Premium,1
CUST-00092,65,2020-02-14,9619.98,1324.19,58.8,Sudeste,Premium,1
CUST-00093,72,2017-09-02,3372.05,360.67,41.8,Sudeste,Standard,1
CUST-00094,41,2022-09-15,9657.72,3957.48,68.4,Sudeste,Premium,1
CUST-00095,47,2016-01-22,2224.89,377.98,52.3,Sudeste,Standard,1
CUST-00096,44,2017-05-02,5854.27,1799.85,5.1,Sul,Premium,0
CUST-00097,41,2021-06-26,3851.67,2032.62,20.2,Centro-Oeste,Standard,1
CUST-00098,30,2022-07-20,43407.17,6330.36,4.6,Norte,Business,1
CUST-00099,26,2017-08-03,3489.45,1315.89,70.9,Sudeste,Standard,1
CUST-00100,35,2022-04-19,32758.08,16354.7,3.5,Sudeste,Business,0
CUST-00101,34,2023-05-02,2262.88,354.88,22.7,Sudeste,Standard,1
CUST-00102,57,2023-06-08,14905.02,6400.98,17.6,Sudeste,Premium,1
CUST-00103,23,2020-04-22,4788.19,1137.23,30.9,Sul,Premium,1
CUST-00104,47,2018-04-02,5190.14,2340.18,40.1,Sudeste,Premium,1
CUST-00105,46,2021-05-11,3482.26,1042.47,73.7,Sul,Standard,1
CUST-00106,48,2023-03-03,1256.09,396.85,55.2,Sul,Standard,1
CUST-00107,45,2023-05-06,35015.38,9658.05,26.1,Nordeste,Business,1
CUST-00108,72,2017-09-06,3287.82,1272.55,63.6,Norte,Standard,1
CUST-00109,71,2016-02-22,1541.25,695.64,92.2,Sudeste,Standard,1
CUST-00110,27,2016-10-26,15940.91,5822.28,11.2,Centro-Oeste,Business,1
CUST-00111,54,2017-03-26,1157.83,206.91,70.0,Sudeste,Standard,1
CUST-00112,35,2021-07-03,5365.81,1690.0,9.8,Sudeste,Premium,0
CUST-00113,43,2017-03-14,1613.27,923.86,77.0,Sudeste,Standard,1
CUST-00114,26,2019-08-28,1690.33,641.25,65.6,Sudeste,Standard,1
CUST-00115,22,2020-05-29,2720.2,1237.01,88.4,Sudeste,Standard,1
CUST-00116,71,2016-03-09,15804.87,8253.97,5.7,Sudeste,Business,1
CUST-00117,39,2021-06-08,1504.4,534.43,14.8,Sudeste,Standard,1
CUST-00118,27,2021-01-18,2807.2,1347.76,41.7,Sudeste,Standard,1
CUST-00119,46,2016-04-13,33668.44,14061.6,10.8,Nordeste,Business,1
CUST-00120,46,2016-11-02,1824.02,233.63,53.2,Sul,Standard,1
CUST-00121,72,2022-11-28,10084.81,3341.66,15.7,Sudeste,Premium,1
CUST-00122,59,2021-10-22,2426.89,425.75,10.9,Nordeste,Standard,1
CUST-00123,46,2018-12-29,2829.42,797.75,91.6,Centro-Oeste,Standard,1
CUST-00124,53,2016-04-24,1755.99,923.27,19.9,Centro-Oeste,Standard,1
CUST-00125,60,2019-07-11,3126.5,445.09,63.4,Sudeste,Standard,1
CUST-00126,61,2018-01-06,3011.37,1066.76,14.2,Sudeste,Standard,1
CUST-00127,65,2018-01-06,2010.29,971.28,46.4,Sudeste,Standard,1
CUST-00128,28,2019-01-05,2092.9,962.3,79.0,Sul,Standard,1
CUST-00129,71,2021-09-29,3841.39,2274.95,54.7,Sul,Standard,1
CUST-00130,69,2017-02-20,1750.01,736.04,12.7,Sul,Standard,1
CUST-00131,45,2022-11-22,20826.43,6780.34,9.7,Sul,Business,1
CUST-00132,19,2020-05-06,43969.11,18686.01,43.9,Sudeste,Business,1
CUST-00133,26,2016-01-04,2846.04,1573.66,21.9,Sudeste,Standard,1
CUST-00134,67,2020-09-08,1365.55,299.36,86.9,Sudeste,Standard,1
CUST-00135,58,2018-02-21,3155.63,775.14,2.0,Sudeste,Standard,1
CUST-00136,41,2023-02-28,32903.07,16228.0,43.4,Norte,Business,1
CUST-00137,41,2021-01-28,8285.13,1108.38,8.7,Sudeste,Premium,1
CUST-00138,26,2023-06-04,2015.64,849.39,85.6,Sudeste,Standard,1
CUST-00139,20,2020-08-18,3373.33,1831.36,44.8,Sudeste,Standard,0
CUST-00140,59,2021-10-11,3586.42,444.36,39.5,Sudeste,Standard,1
CUST-00141,42,2020-02-13,31107.62,10849.15,38.5,Sudeste,Business,1
CUST-00142,56,2021-11-23,1963.63,274.98,53.6,Sudeste,Standard,1
CUST-00143,20,2019-12-19,9219.29,3869.66,79.8,Sudeste,Premium,1
CUST-00144,65,2016-04-20,1093.42,573.32,82.4,Sudeste,Standard,1
CUST-00145,54,2023-07-23,12148.74,6978.38,10.6,Sudeste,Premium,1
CUST-00146,59,2020-10-17,1340.35,627.07,46.4,Nordeste,Standard,1
CUST-00147,57,2020-09-19,15983.55,3198.14,23.9,Sudeste,Premium,1
CUST-00148,69,2016-04-09,49496.55,21477.54,22.3,Centro-Oeste,Business,1
CUST-00149,63,2016-01-25,13524.36,4792.73,12.6,Sudeste,Premium,0
CUST-00150,53,2017-07-02,3410.99,1281.93,67.4,Sudeste,Standard,1
CUST-00151,67,2019-04-30,4885.01,2863.54,36.6,Centro-Oeste,Premium,1
CUST-00152,67,2017-09-26,6183.56,3605.83,46.7,Nordeste,Premium,1
CUST-00153,63,2021-05-23,3822.71,2092.79,80.9,Sudeste,Standard,1
CUST-00154,28,2017-04-13,18282.29,7849.8,21.3,Sudeste,Business,1
CUST-00155,19,2023-01-04,2924.36,1135.78,63.5,Sudeste,Standard,1
CUST-00156,36,2016-09-20,30610.43,15376.97,28.6,Norte,Business,1
CUST-00157,48,2018-09-17,2819.98,722.74,37.5,Nordeste,Standard,1
CUST-00158,53,2022-09-24,2399.42,560.83,46.9,Sudeste,Standard,1
CUST-00159,28,2020-03-31,39542.32,7707.47,2.0,Nordeste,Business,1
CUST-00160,47,2021-03-21,2058.69,257.89,40.6,Sudeste,Standard,1
CUST-00161,45,2022-06-02,12730.1,6135.0,22.3,Nordeste,Premium,1
CUST-00162,22,2019-08-03,3293.21,789.91,28.7,Centro-Oeste,Standard,1
CUST-00163,66,2022-04-21,2527.37,884.68,20.4,Sudeste,Standard,1
CUST-00164,50,2022-05-09,2839.2,514.61,19.8,Sudeste,Standard,1
CUST-00165,70,2023-09-25,3021.42,1782.48,41.0,Norte,Standard,1
CUST-00166,59,2017-06-07,3164.2,1239.61,23.2,Nordeste,Standard,1
CUST-00167,20,2017-07-01,16621.08,1819.49,15.3,Sudeste,Business,1
CUST-00168,48,2023-03-22,10224.2,3889.73,76.7,Sul,Premium,1
CUST-00169,52,2020-01-30,3027.61,1616.22,73.7,Sul,Standard,1
CUST-00170,37,2021-05-25,49334.76,23956.32,18.4,Sudeste,Business,1
CUST-00171,68,2020-11-07,2720.43,1010.9,27.0,Sudeste,Standard,1
CUST-00172,53,2016-02-11,1327.68,624.6,50.5,Centro-Oeste,Standard,1
CUST-00173,61,2022-05-18,2651.06,1496.66,64.2,Centro-Oeste,Standard,1
CUST-00174,67,2022-12-01,6786.64,3185.26,86.1,Sudeste,Premium,1
CUST-00175,20,2019-06-20,6235.74,2958.87,63.3,Centro-Oeste,Premium,1
CUST-00176,39,2020-09-23,2923.94,1058.93,36.2,Sudeste,Standard,0
CUST-00177,39,2020-08-11,3271.85,614.28,53.2,Nordeste,Standard,1
CUST-00178,29,2022-05-06,3807.48,393.75,57.7,Sudeste,Standard,1
CUST-00179,34,2016-08-03,1708.91,741.48,37.0,Sul,Standard,1
CUST-00180,62,2022-08-09,15287.63,4338.2,12.2,Centro-Oeste,Premium,1
CUST-00181,48,2017-11-22,13907.24,6688.41,31.3,Sudeste,Premium,1
CUST-00182,41,2023-01-17,16707.83,8594.29,49.5,Nordeste,Business,1
CUST-00183,46,2022-08-13,12603.02,4340.66,56.5,Nordeste,Premium,1
CUST-00184,54,2023-04-10,3018.3,766.9,32.5,Sudeste,Standard,1
CUST-00185,21,2023-02-23,30202.67,7355.72,9.1,Sudeste,Business,1
CUST-00186,41,2019-08-19,3751.35,1083.2,42.6,Sul,Standard,1
CUST-00187,37,2018-09-23,10533.34,3854.85,62.2,Nordeste,Premium,1
CUST-00188,64,2022-08-27,2980.59,1214.48,29.3,Sudeste,Standard,1
CUST-00189,33,2023-06-04,1703.02,355.31,29.9,Centro-Oeste,Standard,1
CUST-00190,61,2020-04-28,3628.77,2151.31,64.8,Sudeste,Standard,1
CUST-00191,29,2016-11-24,10670.21,1317.15,13.1,Sudeste,Premium,1
CUST-00192,44,2022-03-31,1551.64,572.5,36.0,Sudeste,Standard,1
CUST-00193,51,2022-06-01,1764.99,467.95,24.7,Sudeste,Standard,1
CUST-00194,42,2016-05-13,4474.57,610.3,40.0,Nordeste,Premium,1
CUST-00195,39,2020-07-09,13075.01,7434.19,63.7,Sudeste,Business,1
CUST-00196,56,2016-01-11,3745.38,1408.41,65.4,Nordeste,Standard,1
CUST-00197,49,2018-09-11,3943.96,1320.22,77.9,Sudeste,Standard,1
CUST-00198,27,2023-09-27,3804.27,1482.04,55.4,Sul,Standard,1
CUST-00199,59,2016-03-28,3290.08,1132.81,65.6,Centro-Oeste,Standard,1
CUST-00200,52,2018-06-11,3668.09,2183.11,78.7,Sudeste,Standard,1
CUST-00201,58,2016-06-10,46728.18,20076.4,0.4,Norte,Business,1
CUST-00202,52,2020-09-14,3439.47,1503.11,88.6,Nordeste,Standard,1
CUST-00203,51,2021-02-02,7207.9,2151.18,22.5,Sul,Premium,1
CUST-00204,61,2023-01-06,14298.63,6860.38,6.1,Norte,Premium,0
CUST-00205,28,2022-12-29,2301.73,1132.88,81.0,Norte,Standard,1
CUST-00206,62,2017-07-25,1139.69,156.34,37.9,Sudeste,Standard,1
CUST-00207,28,2017-08-06,3503.95,1032.19,84.0,Sul,Standard,1
CUST-00208,67,2017-01-13,27376.36,13326.19,1.1,Sudeste,Business,1
CUST-00209,42,2019-01-29,2757.63,799.81,79.4,Nordeste,Standard,1
CUST-00210,68,2016-10-23,2168.87,608.04,23.2,Nordeste,Standard,1
CUST-00211,45,2018-11-20,2537.32,384.78,17.3,Sul,Standard,0
CUST-00212,44,2019-07-28,12698.13,4822.35,82.6,Sudeste,Premium,1
CUST-00213,35,2020-07-17,1437.8,263.99,21.5,Sul,Standard,1
CUST-00214,49,2017-04-05,9494.34,1592.63,0.4,Centro-Oeste,Premium,1
CUST-00215,46,2020-03-01,3470.61,1476.81,49.5,Sudeste,Standard,1
CUST-00216,43,2020-05-04,3084.87,1065.83,61.5,Sudeste,Standard,1
CUST-00217,54,2021-09-05,2636.89,1162.49,55.1,Sudeste,Standard,1
CUST-00218,62,2023-02-22,13547.88,4126.29,20.1,Sudeste,Premium,1
CUST-00219,68,2019-09-10,3972.1,1348.99,41.7,Centro-Oeste,Standard,1
CUST-00220,52,2017-04-05,5019.78,2431.97,43.1,Norte,Premium,1
CUST-00221,61,2016-08-31,3258.05,1898.98,61.0,Sudeste,Standard,1
CUST-00222,54,2021-06-10,2173.4,1056.64,64.0,Nordeste,Standard,1
CUST-00223,23,2022-08-14,12761.81,3498.83,9.1,Centro-Oeste,Premium,1
CUST-00224,64,2016-02-09,1201.52,147.0,23.6,Sudeste,Standard,1
CUST-00225,53,2022-02-15,2279.11,754.45,83.8,Sudeste,Standard,1
CUST-00226,30,2018-11-17,2166.51,980.06,61.7,Nordeste,Standard,1
CUST-00227,47,2022-08-23,3587.91,1305.49,51.7,Centro-Oeste,Standard,1
CUST-00228,57,2021-12-26,12471.86,3102.03,65.3,Nordeste,Premium,1
CUST-00229,29,2019-09-25,10129.9,3131.35,8.9,Sudeste,Premium,1
CUST-00230,59,2021-12-23,2468.93,420.08,77.0,Norte,Standard,1
CUST-00231,70,2019-08-13,31453.93,10929.77,24.7,Sudeste,Business,1
CUST-00232,19,2021-06-12,1824.56,672.91,17.7,Sudeste,Standard,1
CUST-00233,25,2020-11-30,13879.39,3933.85,84.1,Sudeste,Premium,1
CUST-00234,24,2016-08-03,7572.51,4540.9,30.0,Sudeste,Premium,1
CUST-00235,67,2021-04-06,3212.84,1428.32,77.2,Sudeste,Standard,1
CUST-00236,69,2023-04-03,2596.84,1034.66,39.8,Sul,Standard,1
CUST-00237,61,2022-11-07,3250.28,993.93,12.3,Nordeste,Standard,1
CUST-00238,38,2021-02-22,12114.81,4176.33,43.4,Sudeste,Premium,1
CUST-00239,67,2022-11-16,3249.41,1453.63,24.6,Nordeste,Standard,1
CUST-00240,58,2016-06-21,14201.27,7069.95,20.4,Centro-Oeste,Premium,1
CUST-00241,26,2017-07-28,13459.64,7363.46,80.5,Sul,Premium,0
CUST-00242,72,2022-02-23,1002.03,580.19,57.3,Nordeste,Standard,1
CUST-00243,35,2022-11-15,7004.67,2002.79,74.9,Centro-Oeste,Premium,1
CUST-00244,32,2019-02-08,12444.38,1251.2,48.9,Sudeste,Premium,0
CUST-00245,62,2020-01-25,15857.86,4934.28,23.9,Sudeste,Premium,1
CUST-00246,38,2019-10-19,5645.55,2747.86,67.4,Nordeste,Premium,1
CUST-00247,18,2017-01-28,9281.19,4280.63,57.2,Sudeste,Premium,1
CUST-00248,23,2022-10-17,1369.47,636.81,33.2,Sudeste,Standard,1
CUST-00249,36,2016-03-05,3541.21,1904.86,51.5,Sudeste,Standard,1
CUST-00250,68,2021-03-27,1338.23,468.1,63.1,Sudeste,Standard,1
CUST-00251,67,2023-02-07,1202.6,277.91,61.3,Sudeste,Standard,1
CUST-00252,23,2016-09-26,2848.14,679.95,58.1,Sudeste,Standard,1
CUST-00253,58,2016-08-19,4793.38,2153.85,71.9,Sudeste,Premium,1
CUST-00254,37,2016-06-13,12887.9,2058.47,27.3,Sul,Premium,1
CUST-00255,68,2021-01-05,1380.79,677.36,72.6,Sudeste,Standard,1
CUST-00256,47,2018-03-11,2498.83,958.16,71.9,Sudeste,Standard,1
CUST-00257,50,2023-11-22,3588.79,797.7,71.8,Sul,Standard,1
CUST-00258,63,2016-07-26,1965.41,605.6,87.8,Sudeste,Standard,1
CUST-00259,29,2021-06-01,15776.97,9103.94,3.7,Sul,Premium,1
CUST-00260,53,2018-10-19,1602.01,611.81,40.3,Sudeste,Standard,1
CUST-00261,30,2017-10-16,6941.52,716.29,34.4,Sul,Premium,1
CUST-00262,39,2023-11-27,8515.3,3994.03,28.6,Sudeste,Premium,1
CUST-00263,27,2020-10-12,3763.82,2065.0,58.6,Nordeste,Standard,1
CUST-00264,26,2016-10-09,4897.97,1880.38,34.2,Sudeste,Premium,1
CUST-00265,65,2020-04-05,1815.87,249.4,27.1,Nordeste,Standard,1
CUST-00266,44,2022-07-26,3893.9,793.65,66.5,Sudeste,Standard,1
CUST-00267,62,2017-02-25,3507.77,925.69,27.2,Sudeste,Standard,1
CUST-00268,29,2023-07-28,44547.55,16837.94,31.9,Sudeste,Business,1
CUST-00269,21,2021-06-05,3471.02,993.13,52.9,Sudeste,Standard,0
CUST-00270,22,2021-09-14,29128.67,4788.63,24.5,Norte,Business,1
CUST-00271,28,2017-06-26,3173.29,1104.51,51.8,Nordeste,Standard,1
CUST-00272,27,2023-07-14,11403.73,4831.07,57.2,Sudeste,Premium,1
CUST-00273,69,2018-01-09,3982.26,1480.72,5.8,Sudeste,Standard,1
CUST-00274,54,2018-04-15,1811.31,204.74,35.3,Centro-Oeste,Standard,1
CUST-00275,32,2022-02-17,2970.59,692.93,92.4,Nordeste,Standard,1
CUST-00276,69,2019-07-26,3517.67,1838.37,15.3,Sul,Standard,0
CUST-00277,62,2019-12-23,33635.24,12833.68,5.0,Sudeste,Business,1
CUST-00278,32,2017-03-04,2579.35,258.82,21.5,Sudeste,Standard,1
CUST-00279,41,2023-02-08,3825.77,1139.31,45.1,Sul,Standard,1
CUST-00280,49,2016-08-21,3121.55,1189.28,28.4,Nordeste,Standard,0
CUST-00281,62,2017-06-30,3982.85,2320.38,3.3,Nordeste,Standard,1
CUST-00282,49,2022-05-05,1233.42,337.22,30.0,Centro-Oeste,Standard,0
CUST-00283,31,2021-02-13,8205.77,4049.63,78.1,Sudeste,Premium,1
CUST-00284,44,2018-05-23,8214.77,2363.17,29.2,Sudeste,Premium,1
CUST-00285,46,2023-02-04,4400.95,484.28,34.3,Sul,Premium,1
CUST-00286,22,2017-10-14,49176.56,13227.28,32.1,Sudeste,Business,1
CUST-00287,56,2019-01-19,1303.77,264.37,20.0,Nordeste,Standard,1
CUST-00288,33,2022-11-05,2715.31,1411.76,30.6,Sudeste,Standard,1
CUST-00289,30,2022-10-31,1512.5,371.93,28.3,Sudeste,Standard,1
CUST-00290,23,2016-09-20,1554.64,843.78,57.1,Nordeste,Standard,1
CUST-00291,21,2022-03-23,12009.62,1715.62,16.1,Sudeste,Premium,1
CUST-00292,71,2019-07-31,9023.58,3318.49,51.7,Sudeste,Premium,1
CUST-00293,72,2023-07-13,3701.37,1851.52,82.9,Nordeste,Standard,1
CUST-00294,31,2021-10-04,2270.12,1348.77,38.9,Nordeste,Standard,1
CUST-00295,69,2023-03-03,2669.09,1003.65,81.7,Sudeste,Standard,1
CUST-00296,24,2022-09-26,1302.97,316.68,57.2,Sudeste,Standard,1
CUST-00297,20,2021-12-27,1431.56,578.82,11.0,Norte,Standard,1
CUST-00298,37,2020-06-07,2474.86,1108.96,44.9,Sudeste,Standard,1
CUST-00299,35,2019-03-31,5071.44,1627.21,60.3,Sudeste,Premium,1
CUST-00300,21,2018-02-21,4787.4,2177.24,11.0,Sudeste,Premium,1
CUST-00301,71,2021-09-01,6993.88,2295.56,43.1,Sudeste,Premium,1
CUST-00302,58,2022-07-13,6903.26,2377.44,20.8,Sul,Premium,1
CUST-00303,71,2016-03-12,1082.35,135.1,85.4,Nordeste,Standard,1
CUST-00304,59,2019-04-30,3593.89,2097.28,82.2,Sudeste,Standard,1
CUST-00305,56,2020-06-29,12512.42,2974.07,70.2,Sudeste,Premium,1
CUST-00306,55,2022-10-09,3998.29,2331.97,67.6,Sudeste,Standard,1
CUST-00307,39,2020-10-26,14337.9,3305.94,62.8,Sul,Premium,1
CUST-00308,69,2017-03-11,1958.76,332.92,16.8,Sudeste,Standard,1
CUST-00309,55,2017-07-03,8118.0,3707.37,29.5,Sul,Premium,1
CUST-00310,37,2022-01-05,14517.94,2766.65,13.5,Sudeste,Premium,1
CUST-00311,29,2016-04-18,11853.22,2502.53,9.4,Nordeste,Premium,1
CUST-00312,58,2017-05-17,2861.96,961.93,22.1,Sudeste,Standard,1
CUST-00313,27,2022-05-19,25350.12,15047.72,58.3,Sul,Business,1
CUST-00314,21,2023-11-13,1628.15,792.54,36.1,Nordeste,Standard,1
CUST-00315,45,2019-05-25,2432.2,248.9,36.0,Norte,Standard,0
CUST-00316,64,2021-02-16,3630.96,929.69,31.5,Norte,Standard,1
CUST-00317,47,2018-01-31,2013.51,1095.32,46.5,Nordeste,Standard,1
CUST-00318,55,2018-04-06,2099.77,892.97,22.1,Norte,Standard,1
CUST-00319,60,2022-09-16,4236.9,1884.89,26.3,Sudeste,Premium,1
CUST-00320,62,2016-03-25,7613.4,3280.1,49.1,Nordeste,Premium,1
CUST-00321,24,2018-03-08,5412.81,849.85,11.2,Nordeste,Premium,1
CUST-00322,30,2019-11-27,7544.21,903.06,42.6,Centro-Oeste,Premium,0
CUST-00323,60,2022-12-03,43821.21,19040.8,8.8,Sudeste,Business,1
CUST-00324,34,2016-09-10,3966.0,983.61,60.7,Centro-Oeste,Standard,1
CUST-00325,24,2023-05-29,1415.18,599.47,27.0,Centro-Oeste,Standard,1
CUST-00326,43,2018-10-20,2157.15,1133.23,73.0,Sudeste,Standard,1
CUST-00327,29,2017-01-24,2075.8,237.49,65.8,Nordeste,Standard,1
CUST-00328,63,2016-04-26,3230.87,1492.3,23.6,Sudeste,Standard,1
CUST-00329,48,2020-01-16,11696.85,2039.08,91.9,Sudeste,Premium,1
CUST-00330,49,2022-01-24,2474.94,545.59,37.9,Sudeste,Standard,1
CUST-00331,46,2022-12-07,9364.82,1492.32,19.3,Sudeste,Premium,1
CUST-00332,18,2022-11-25,15558.05,6515.23,48.9,Sudeste,Premium,1
CUST-00333,70,2023-04-24,14131.81,3758.87,36.6,Centro-Oeste,Premium,1
CUST-00334,24,2016-07-13,2024.07,1042.28,85.9,Nordeste,Standard,1
CUST-00335,64,2019-05-01,2832.56,548.87,52.5,Sul,Standard,1
CUST-00336,67,2018-11-13,2767.95,974.59,67.9,Sul,Standard,1
CUST-00337,29,2016-02-29,3191.48,524.01,50.2,Sul,Standard,1
CUST-00338,35,2019-06-17,48893.44,15959.94,3.9,Sudeste,Business,1
CUST-00339,62,2017-10-11,12542.49,7121.07,52.6,Centro-Oeste,Premium,1
CUST-00340,61,2022-06-07,36878.24,21358.52,11.4,Nordeste,Business,1
CUST-00341,48,2017-05-20,3001.47,926.67,76.1,Sudeste,Standard,1
CUST-00342,19,2019-08-25,3010.76,602.01,18.5,Centro-Oeste,Standard,1
CUST-00343,20,2019-11-24,5229.76,2792.78,18.7,Sudeste,Premium,1
CUST-00344,68,2016-02-11,2993.48,1686.05,40.5,Nordeste,Standard,1
CUST-00345,67,2018-12-14,14937.84,6756.6,21.4,Sudeste,Premium,1
CUST-00346,30,2020-08-15,3950.36,542.13,60.0,Norte,Standard,1
CUST-00347,27,2023-06-22,1967.89,246.83,55.4,Sudeste,Standard,1
CUST-00348,32,2021-11-09,3358.77,603.52,61.3,Sudeste,Standard,1
CUST-00349,36,2021-06-21,35685.52,12041.31,11.9,Nordeste,Business,1
CUST-00350,33,2016-09-19,11453.58,6636.76,46.9,Sul,Premium,1
CUST-00351,52,2020-09-30,2550.6,1237.67,51.6,Sudeste,Standard,1
CUST-00352,23,2022-11-04,3868.83,1427.55,83.9,Sudeste,Standard,1
CUST-00353,67,2019-01-15,15277.01,7232.83,8.4,Nordeste,Premium,1
CUST-00354,68,2021-02-04,2724.89,582.64,28.6,Norte,Standard,1
CUST-00355,52,2023-11-08,11420.19,5458.63,17.2,Nordeste,Premium,1
CUST-00356,46,2019-08-23,2982.17,1004.97,58.3,Sudeste,Standard,1
CUST-00357,27,2020-07-30,14970.03,7447.72,46.9,Sudeste,Premium,1
CUST-00358,25,2023-06-14,2789.96,1028.31,73.1,Sudeste,Standard,1
CUST-00359,28,2021-11-09,3504.25,690.91,13.2,Sul,Standard,1
CUST-00360,47,2016-09-09,1871.96,250.25,22.3,Nordeste,Standard,1
CUST-00361,24,2020-09-21,14801.42,3831.98,18.6,Sudeste,Premium,1
CUST-00362,41,2020-05-16,18823.98,4830.37,21.5,Nordeste,Business,1
CUST-00363,61,2020-03-14,9554.18,2669.16,13.9,Sudeste,Premium,1
CUST-00364,72,2022-05-08,6357.18,2967.36,21.8,Sul,Premium,1
CUST-00365,70,2017-05-24,3307.6,682.62,9.5,Sudeste,Standard,1
CUST-00366,55,2020-08-28,2503.37,363.68,57.2,Sudeste,Standard,1
CUST-00367,27,2018-07-01,14015.74,6737.87,8.8,Sudeste,Business,1
CUST-00368,68,2019-11-14,3753.71,2029.92,35.7,Sudeste,Standard,1
CUST-00369,65,2020-12-19,2710.48,781.51,58.5,Nordeste,Standard,1
CUST-00370,70,2020-01-19,2446.33,983.68,71.9,Sudeste,Standard,1
CUST-00371,29,2022-02-26,3151.91,501.67,22.4,Sudeste,Standard,1
CUST-00372,28,2016-08-29,4269.35,519.03,52.5,Norte,Premium,1
CUST-00373,21,2022-01-20,1540.11,891.91,92.6,Sudeste,Standard,1
CUST-00374,23,2021-06-28,3978.33,2123.04,24.1,Sudeste,Standard,1
CUST-00375,60,2018-03-11,3172.56,860.83,64.3,Nordeste,Standard,1
CUST-00376,50,2016-03-30,1448.68,214.62,85.7,Sudeste,Standard,1
CUST-00377,48,2016-07-11,2810.42,1443.88,71.0,Centro-Oeste,Standard,0
CUST-00378,51,2019-02-09,3406.9,1685.66,29.2,Sudeste,Standard,1
CUST-00379,26,2021-01-24,1697.54,898.89,42.0,Sudeste,Standard,1
CUST-00380,54,2018-01-22,1021.58,436.49,68.6,Sudeste,Standard,1
CUST-00381,72,2017-11-28,2096.93,498.61,65.5,Sudeste,Standard,1
CUST-00382,53,2018-06-30,1919.96,522.57,37.3,Sudeste,Standard,1
CUST-00383,62,2022-02-08,2525.03,1244.94,74.3,Sudeste,Standard,1
CUST-00384,48,2017-03-10,1192.24,251.43,36.8,Sudeste,Standard,1
CUST-00385,67,2021-12-15,9267.66,1861.44,78.8,Sudeste,Premium,1
CUST-00386,28,2016-05-12,1717.77,172.02,15.5,Sudeste,Standard,1
CUST-00387,51,2023-10-01,4823.41,699.79,6.3,Centro-Oeste,Premium,1
CUST-00388,35,2021-05-20,6334.3,3577.97,43.8,Nordeste,Premium,1
CUST-00389,36,2020-02-09,42610.33,24643.88,23.0,Sudeste,Business,1
CUST-00390,54,2018-07-01,13089.68,7600.12,25.2,Norte,Premium,1
CUST-00391,22,2019-08-18,15930.38,6984.78,17.0,Sudeste,Premium,0
CUST-00392,71,2020-12-19,1279.03,558.74,55.7,Sudeste,Standard,1
CUST-00393,49,2021-09-06,1726.17,401.68,67.3,Sudeste,Standard,0
CUST-00394,72,2017-11-06,44300.4,12652.12,4.0,Sudeste,Business,1
CUST-00395,29,2018-03-10,1666.28,647.07,16.8,Sudeste,Standard,1
CUST-00396,61,2021-12-17,1361.1,488.77,84.3,Sul,Standard,1
CUST-00397,34,2021-04-05,3875.58,1052.41,33.8,Centro-Oeste,Standard,1
CUST-00398,46,2021-11-26,3937.82,1744.48,50.9,Sul,Standard,1
CUST-00399,69,2022-03-30,1029.23,319.84,20.0,Centro-Oeste,Standard,1
CUST-00400,34,2017-08-13,4572.51,683.53,15.8,Sul,Premium,1
CUST-00401,65,2020-03-02,2080.92,788.14,34.5,Sudeste,Standard,1
CUST-00402,52,2021-12-18,23172.83,6083.91,10.1,Norte,Business,1
CUST-00403,47,2016-11-01,45059.66,18938.14,42.6,Sudeste,Business,1
CUST-00404,23,2022-02-07,1940.45,827.61,68.2,Sudeste,Standard,1
CUST-00405,65,2017-05-03,2350.87,431.76,21.4,Nordeste,Standard,1
CUST-00406,24,2023-03-16,30244.47,3838.41,26.2,Nordeste,Business,1
CUST-00407,23,2016-07-29,27119.23,5821.9,26.7,Sudeste,Business,1
CUST-00408,20,2016-06-24,3745.82,1993.23,73.0,Sudeste,Standard,1
CUST-00409,47,2016-11-04,14527.52,4612.32,32.1,Sudeste,Premium,1
CUST-00410,23,2018-12-19,2236.61,397.8,11.0,Sudeste,Standard,1
CUST-00411,66,2018-07-27,3297.61,1645.45,52.9,Sul,Standard,1
CUST-00412,33,2022-02-02,11751.89,6042.98,33.9,Sudeste,Premium,1
CUST-00413,57,2016-02-20,7416.12,3496.43,50.3,Nordeste,Premium,1
CUST-00414,58,2018-10-24,7265.61,2988.9,8.8,Nordeste,Premium,1
CUST-00415,63,2019-01-02,6793.73,1191.23,33.2,Sudeste,Premium,1
CUST-00416,47,2016-02-08,7962.98,4154.87,88.6,Norte,Premium,1
CUST-00417,30,2021-02-11,13939.02,2243.91,58.0,Sudeste,Premium,1
CUST-00418,20,2021-09-08,3312.99,1194.56,70.4,Norte,Standard,1
CUST-00419,51,2022-07-20,2915.56,581.25,87.3,Sudeste,Standard,1
CUST-00420,28,2020-10-28,2187.42,484.61,80.9,Nordeste,Standard,1
CUST-00421,61,2016-12-25,3908.96,1875.44,35.3,Nordeste,Standard,1
CUST-00422,38,2017-08-28,13080.37,6576.32,39.7,Centro-Oeste,Premium,1
CUST-00423,20,2018-06-24,10708.3,3976.71,22.4,Centro-Oeste,Premium,1
CUST-00424,71,2017-03-16,33294.51,4476.06,5.5,Centro-Oeste,Business,0
CUST-00425,58,2018-03-31,1556.6,170.23,84.6,Sudeste,Standard,1
CUST-00426,42,2021-10-16,2492.65,936.57,48.3,Sudeste,Standard,1
CUST-00427,71,2022-06-19,1093.82,167.93,58.9,Sudeste,Standard,0
CUST-00428,32,2017-02-15,4157.03,2330.09,36.5,Centro-Oeste,Premium,1
CUST-00429,44,2019-10-13,4699.6,1919.63,17.3,Norte,Premium,1
CUST-00430,51,2022-10-31,1693.05,495.5,27.1,Sudeste,Standard,1
CUST-00431,65,2022-09-26,10918.76,4774.19,41.8,Sudeste,Premium,1
CUST-00432,50,2020-02-19,10406.81,4162.29,62.4,Sudeste,Premium,1
CUST-00433,33,2017-08-09,2125.19,797.2,67.4,Norte,Standard,0
CUST-00434,36,2017-03-28,1405.26,766.09,10.4,Sudeste,Standard,1
CUST-00435,70,2020-10-28,31672.68,12204.56,33.3,Nordeste,Business,1
CUST-00436,55,2021-02-12,3433.22,501.09,30.5,Sudeste,Standard,1
CUST-00437,70,2016-03-09,13834.18,2043.06,77.0,Sudeste,Premium,1
CUST-00438,67,2020-03-03,3451.43,1063.94,85.8,Sudeste,Standard,0
CUST-00439,67,2016-10-30,1914.35,230.85,52.2,Norte,Standard,1
CUST-00440,43,2018-12-03,10903.06,1581.4,29.5,Sudeste,Premium,1
CUST-00441,34,2022-12-19,2303.47,1034.11,81.4,Sudeste,Standard,1
CUST-00442,65,2018-01-15,1214.93,593.35,71.4,Sudeste,Standard,1
CUST-00443,38,2020-01-21,1072.62,270.74,79.4,Sul,Standard,1
CUST-00444,70,2020-09-10,3081.39,479.58,65.8,Nordeste,Standard,1
CUST-00445,34,2017-10-07,3189.77,544.41,87.8,Centro-Oeste,Standard,1
CUST-00446,57,2020-11-16,2964.27,308.78,21.9,Sul,Standard,0
CUST-00447,59,2019-08-02,2142.1,1260.21,39.6,Sudeste,Standard,1
CUST-00448,19,2023-06-23,2588.25,690.51,52.9,Sudeste,Standard,1
CUST-00449,50,2020-10-29,11509.51,6207.52,49.3,Nordeste,Premium,1
CUST-00450,60,2022-05-19,2146.62,1245.69,72.5,Nordeste,Standard,1
CUST-00451,56,2020-03-24,1395.32,594.74,72.7,Sudeste,Standard,1
CUST-00452,26,2019-02-05,49091.63,8472.05,38.3,Nordeste,Business,1
CUST-00453,27,2023-08-04,14561.58,4470.7,23.2,Sul,Premium,1
CUST-00454,35,2022-03-20,5281.26,1015.97,35.6,Sudeste,Premium,1
CUST-00455,32,2021-05-01,8311.14,3690.73,24.4,Sudeste,Premium,1
CUST-00456,72,2019-07-29,1412.54,277.75,61.1,Sudeste,Standard,1
CUST-00457,30,2021-08-17,3781.31,2241.61,55.5,Norte,Standard,1
CUST-00458,42,2020-05-30,3817.42,1473.4,78.5,Sul,Standard,1
CUST-00459,33,2018-02-07,3951.49,472.7,46.9,Sudeste,Standard,1
CUST-00460,28,2019-03-08,3757.1,1671.82,58.6,Sudeste,Standard,1
CUST-00461,52,2022-05-27,1970.38,221.58,20.6,Nordeste,Standard,1
CUST-00462,59,2022-01-30,5482.53,861.21,29.2,Sudeste,Premium,1
CUST-00463,50,2017-01-20,26700.45,7751.23,22.2,Sul,Business,1
CUST-00464,63,2023-05-06,1928.55,934.03,73.9,Nordeste,Standard,1
CUST-00465,34,2023-10-13,3566.23,1325.75,9.1,Sudeste,Standard,1
CUST-00466,23,2017-03-06,6936.56,2591.99,29.7,Norte,Premium,1
CUST-00467,59,2020-01-03,3561.49,1543.9,35.3,Sudeste,Standard,1
CUST-00468,68,2017-08-13,2366.01,921.52,44.9,Sudeste,Standard,1
CUST-00469,36,2018-08-22,3083.86,731.52,39.8,Nordeste,Standard,1
CUST-00470,58,2017-12-27,30637.36,13613.01,36.5,Sudeste,Business,1
CUST-00471,40,2022-06-19,9956.76,4625.83,13.1,Nordeste,Premium,1
CUST-00472,30,2023-11-26,2394.66,1193.42,58.1,Norte,Standard,1
CUST-00473,69,2016-10-08,2921.85,1300.25,46.7,Sudeste,Standard,1
CUST-00474,39,2020-02-03,2706.76,1570.07,72.7,Norte,Standard,1
CUST-00475,27,2016-11-19,3595.67,1970.3,46.6,Sudeste,Standard,1
CUST-00476,19,2021-08-01,1995.16,1113.49,35.0,Sudeste,Standard,1
CUST-00477,56,2019-07-21,1350.53,663.34,27.2,Nordeste,Standard,1
CUST-00478,41,2018-11-07,7631.54,2766.82,11.5,Nordeste,Premium,1
CUST-00479,50,2023-08-22,14859.47,2630.7,17.8,Centro-Oeste,Premium,1
CUST-00480,67,2022-10-26,15256.29,6687.73,3.9,Sudeste,Premium,1
CUST-00481,18,2020-06-07,38264.46,15196.49,2.3,Sudeste,Business,1
CUST-00482,37,2023-09-01,1936.43,1057.42,53.0,Sudeste,Standard,1
CUST-00483,27,2022-02-25,1045.77,430.31,59.6,Nordeste,Standard,1
CUST-00484,36,2017-06-25,1213.73,493.54,67.1,Sudeste,Standard,1
CUST-00485,21,2022-12-15,1536.95,611.8,43.3,Centro-Oeste,Standard,1
CUST-00486,63,2016-05-25,4942.55,2774.71,38.2,Sudeste,Premium,1
CUST-00487,24,2018-10-23,2933.26,1417.49,72.4,Nordeste,Standard,1
CUST-00488,29,2016-01-28,24887.3,13200.12,9.1,Nordeste,Business,1
CUST-00489,72,2022-01-02,2045.85,792.44,47.2,Centro-Oeste,Standard,1
CUST-00490,55,2019-04-14,1731.07,310.74,67.5,Sudeste,Standard,1
CUST-00491,54,2020-01-31,1708.46,736.87,16.8,Sudeste,Standard,1
CUST-00492,53,2022-10-29,6114.09,3533.59,10.8,Sudeste,Premium,1
CUST-00493,49,2016-09-08,5086.4,2586.52,74.9,Sudeste,Premium,1
CUST-00494,30,2021-08-12,7799.17,3003.76,66.3,Sudeste,Premium,1
CUST-00495,40,2022-12-02,2834.47,1006.84,92.8,Sul,Standard,0
CUST-00496,53,2019-11-22,1846.63,213.46,38.8,Sudeste,Standard,1
CUST-00497,31,2016-06-28,1417.21,535.3,91.5,Nordeste,Standard,1
CUST-00498,60,2019-01-09,17591.59,2966.12,17.1,Sudeste,Business,1
CUST-00499,57,2021-11-26,2272.37,1158.99,47.6,Sudeste,Standard,1
CUST-00500,63,2018-04-17,3779.69,1467.19,44.4,Nordeste,Standard,1
CUST-00501,51,2020-10-14,1234.7,672.86,12.4,Norte,Standard,1
CUST-00502,69,2017-06-02,1158.32,314.8,66.7,Sudeste,Standard,1
CUST-00503,69,2020-08-13,1105.98,620.93,61.9,Sudeste,Standard,1
CUST-00504,21,2016-07-23,42833.59,17654.23,17.4,Sul,Business,1
CUST-00505,26,2017-01-05,3573.58,382.74,19.6,Sudeste,Standard,1
CUST-00506,34,2016-01-23,1542.43,560.97,5.6,Sudeste,Standard,1
CUST-00507,42,2021-04-02,12711.99,2334.45,43.8,Norte,Premium,1
CUST-00508,48,2020-07-16,3844.76,2157.79,39.5,Sudeste,Standard,1
CUST-00509,36,2018-11-20,1947.07,710.93,28.8,Sudeste,Standard,1
CUST-00510,35,2020-12-04,7064.13,2769.76,16.8,Sudeste,Premium,1
CUST-00511,51,2020-02-19,15918.58,4085.26,0.6,Sudeste,Premium,1
CUST-00512,64,2020-09-28,1102.13,451.54,13.5,Sul,Standard,1
CUST-00513,56,2022-06-18,3291.57,1395.47,33.2,Norte,Standard,1
CUST-00514,35,2019-02-18,12010.95,5826.03,6.7,Norte,Premium,1
CUST-00515,21,2021-01-09,22424.93,7182.42,23.2,Nordeste,Business,1
CUST-00516,31,2017-01-13,14951.31,6843.22,19.1,Nordeste,Premium,1
CUST-00517,49,2022-04-02,4010.41,476.91,40.1,Sudeste,Premium,0
CUST-00518,63,2018-06-02,2211.74,1025.99,23.7,Nordeste,Standard,1
CUST-00519,40,2020-03-07,8807.38,3665.07,85.8,Sul,Premium,1
CUST-00520,47,2020-09-01,6119.42,732.28,35.8,Sul,Premium,1
CUST-00521,40,2018-06-19,2898.37,1355.46,16.9,Sudeste,Standard,1
CUST-00522,52,2016-09-14,2601.82,1345.47,73.9,Sudeste,Standard,1
CUST-00523,61,2017-11-26,2738.04,1539.9,9.5,Sul,Standard,0
CUST-00524,62,2016-08-23,1516.75,189.56,40.9,Sudeste,Standard,1
CUST-00525,24,2022-08-22,3397.53,714.45,49.3,Sudeste,Standard,1
CUST-00526,61,2017-06-17,1964.77,1144.18,41.6,Nordeste,Standard,1
CUST-00527,28,2019-01-01,2745.96,457.71,74.3,Sul,Standard,1
CUST-00528,18,2021-11-28,39002.8,15478.86,5.8,Sudeste,Business,1
CUST-00529,27,2016-09-29,2351.26,516.4,24.6,Sudeste,Standard,1
CUST-00530,70,2020-07-17,1013.71,220.81,53.3,Sudeste,Standard,1
CUST-00531,32,2018-09-18,11911.93,2837.58,4.7,Sul,Premium,1
CUST-00532,29,2022-02-16,4517.39,1908.28,16.3,Sudeste,Premium,1
CUST-00533,20,2022-10-01,15098.34,2837.64,44.3,Sul,Premium,1
CUST-00534,55,2017-06-02,1596.25,699.84,50.0,Sudeste,Standard,1
CUST-00535,42,2021-06-12,2755.28,350.39,40.0,Centro-Oeste,Standard,1
CUST-00536,30,2016-10-31,1809.08,484.74,19.4,Sudeste,Standard,1
CUST-00537,66,2020-01-25,1885.48,336.36,65.9,Sudeste,Standard,1
CUST-00538,31,2017-04-14,2388.29,256.15,61.6,Nordeste,Standard,1
CUST-00539,27,2017-06-27,9013.26,1100.63,56.9,Sudeste,Premium,1
CUST-00540,69,2016-02-09,9429.3,2076.86,83.6,Sul,Premium,1
CUST-00541,36,2021-03-28,5088.75,1729.62,9.9,Sudeste,Premium,0
CUST-00542,47,2018-09-20,14490.39,4385.95,51.4,Sudeste,Premium,1
CUST-00543,22,2019-08-09,7994.87,930.26,33.0,Sudeste,Premium,1
CUST-00544,68,2016-03-29,3642.54,1704.27,11.3,Nordeste,Standard,1
CUST-00545,57,2023-06-18,1525.8,578.88,32.4,Nordeste,Standard,1
CUST-00546,48,2017-05-31,12434.12,5925.94,52.5,Sudeste,Premium,1
CUST-00547,21,2023-03-18,2357.23,826.74,69.8,Sul,Standard,1
CUST-00548,41,2016-05-15,42829.85,24431.77,4.1,Centro-Oeste,Business,1
CUST-00549,24,2022-01-27,3091.25,1076.26,80.0,Sudeste,Standard,1
CUST-00550,36,2021-10-19,3615.38,781.52,36.5,Sudeste,Standard,1
CUST-00551,71,2017-10-08,1912.25,317.39,75.6,Sudeste,Standard,1
CUST-00552,28,2017-12-01,3919.62,2036.89,81.1,Norte,Standard,1
CUST-00553,26,2018-12-23,1553.49,592.26,17.5,Sudeste,Standard,1
CUST-00554,37,2022-07-23,27671.09,9676.81,4.0,Norte,Business,1
CUST-00555,50,2020-03-16,7546.68,4135.5,47.8,Sudeste,Premium,1
CUST-00556,64,2018-12-18,1336.95,453.88,10.8,Centro-Oeste,Standard,1
CUST-00557,56,2016-09-23,2579.3,1265.51,14.1,Sul,Standard,1
CUST-00558,49,2020-05-10,10138.67,1297.99,41.1,Sudeste,Premium,1
CUST-00559,18,2020-09-23,1924.26,621.13,25.9,Sudeste,Standard,1
CUST-00560,28,2019-03-02,8970.33,4644.44,56.1,Sul,Premium,1
CUST-00561,39,2023-03-07,34650.46,9975.39,0.1,Nordeste,Business,1
CUST-00562,54,2022-05-21,3496.85,855.79,61.3,Sudeste,Standard,1
CUST-00563,32,2023-08-15,5848.29,1462.57,27.0,Sudeste,Premium,1
CUST-00564,29,2018-05-28,36679.47,4189.58,26.8,Sudeste,Business,1
CUST-00565,48,2017-07-30,1773.73,785.69,88.3,Sudeste,Standard,1
CUST-00566,47,2016-02-23,1489.93,352.12,53.9,Sudeste,Standard,1
CUST-00567,50,2021-09-30,6198.97,912.83,38.7,Sudeste,Premium,1
CUST-00568,37,2020-11-16,12260.16,1813.48,29.4,Sudeste,Premium,1
CUST-00569,28,2022-10-09,2510.15,1294.7,58.0,Sul,Standard,1
CUST-00570,62,2022-08-23,3748.09,593.26,66.6,Sul,Standard,1
CUST-00571,39,2021-12-27,4345.11,2204.22,20.3,Nordeste,Premium,1
CUST-00572,62,2022-09-01,3324.08,1591.13,7.1,Norte,Standard,1
CUST-00573,34,2023-06-08,3002.76,1433.14,82.1,Nordeste,Standard,1
CUST-00574,23,2022-04-15,15302.14,8789.48,35.7,Sudeste,Premium,1
CUST-00575,54,2023-02-26,2734.4,292.56,45.0,Sudeste,Standard,1
CUST-00576,24,2021-07-09,44423.63,14986.66,34.4,Nordeste,Business,1
CUST-00577,42,2019-03-01,1682.66,263.21,13.3,Sudeste,Standard,0
CUST-00578,38,2018-05-20,1850.83,740.69,41.9,Centro-Oeste,Standard,1
CUST-00579,30,2023-02-20,13629.24,7762.41,73.8,Sudeste,Premium,1
CUST-00580,51,2016-07-14,5430.61,1615.09,45.1,Nordeste,Premium,1
CUST-00581,43,2022-07-18,2274.11,794.93,61.3,Sudeste,Standard,1
CUST-00582,40,2018-08-02,15401.67,9144.92,49.7,Nordeste,Premium,1
CUST-00583,32,2016-11-15,13614.63,6383.89,30.8,Nordeste,Business,1
CUST-00584,38,2022-03-17,2869.7,1377.7,60.0,Centro-Oeste,Standard,1
CUST-00585,50,2020-12-26,3428.44,1269.43,23.8,Sul,Standard,1
CUST-00586,20,2023-07-21,2978.23,1458.41,52.5,Sudeste,Standard,1
CUST-00587,53,2016-03-26,2409.46,918.31,42.4,Sudeste,Standard,1
CUST-00588,21,2023-08-09,1384.59,392.12,53.8,Sudeste,Standard,1
CUST-00589,40,2019-04-20,2983.72,667.78,69.6,Norte,Standard,1
CUST-00590,47,2016-07-17,10816.59,5956.75,8.8,Sul,Premium,1
CUST-00591,42,2020-04-21,3424.98,513.84,60.2,Centro-Oeste,Standard,1
CUST-00592,41,2019-01-12,2906.33,1706.17,33.2,Centro-Oeste,Standard,1
CUST-00593,69,2021-05-21,15495.29,7110.07,25.8,Sudeste,Premium,1
CUST-00594,45,2021-07-26,1229.98,629.59,40.6,Sudeste,Standard,1
CUST-00595,50,2018-11-02,10570.75,5712.94,32.3,Sudeste,Premium,1
CUST-00596,70,2018-09-05,2913.78,1469.91,93.1,Sudeste,Standard,1
CUST-00597,65,2016-03-26,14129.46,4311.32,62.5,Sudeste,Premium,1
CUST-00598,33,2022-08-24,1083.11,539.95,35.9,Norte,Standard,1
CUST-00599,68,2023-09-12,3689.52,948.03,28.7,Sudeste,Standard,1
CUST-00600,71,2022-05-06,2712.92,949.86,20.8,Sudeste,Standard,1
CUST-00601,23,2021-04-01,3319.57,852.15,52.6,Sul,Standard,1
CUST-00602,24,2021-12-15,1823.64,554.73,78.0,Sudeste,Standard,1
CUST-00603,35,2022-04-18,3147.01,1607.12,7.8,Sudeste,Standard,1
CUST-00604,62,2016-05-22,2658.18,676.86,79.3,Sudeste,Standard,1
CUST-00605,34,2020-07-18,3468.12,755.11,12.9,Sudeste,Standard,0
CUST-00606,23,2018-05-29,2238.88,1165.52,41.6,Sudeste,Standard,1
CUST-00607,40,2019-03-15,13761.14,6452.5,17.7,Sudeste,Premium,1
CUST-00608,43,2021-09-04,7764.66,1095.72,7.6,Sul,Premium,1
CUST-00609,72,2017-04-04,13511.71,3508.99,15.3,Sudeste,Premium,1
CUST-00610,69,2020-10-04,2243.49,428.38,68.6,Sul,Standard,1
CUST-00611,30,2020-12-25,6025.07,1810.64,33.9,Centro-Oeste,Premium,1
CUST-00612,25,2023-10-06,9221.9,5164.21,16.6,Sudeste,Premium,1
CUST-00613,70,2020-12-07,2482.5,409.86,64.6,Sudeste,Standard,1
CUST-00614,36,2020-12-25,2352.93,527.43,82.6,Sul,Standard,1
CUST-00615,43,2016-03-20,2150.49,670.19,52.4,Sul,Standard,1
CUST-00616,40,2017-02-13,48770.37,19465.04,52.1,Sudeste,Business,1
CUST-00617,43,2016-05-23,3904.17,1482.73,54.5,Sul,Standard,1
CUST-00618,38,2017-12-21,1781.22,457.12,22.4,Sudeste,Standard,1
CUST-00619,28,2020-05-19,9895.3,5690.05,31.8,Norte,Premium,1
CUST-00620,48,2021-01-01,2401.4,379.45,43.1,Nordeste,Standard,1
CUST-00621,27,2022-07-14,1611.2,390.0,51.3,Sudeste,Standard,1
CUST-00622,18,2018-01-08,6166.83,3454.7,12.4,Centro-Oeste,Premium,1
CUST-00623,61,2022-07-21,2771.02,1595.03,14.4,Sul,Standard,1
CUST-00624,18,2020-03-23,37106.48,21352.85,6.3,Sul,Business,1
CUST-00625,31,2023-05-17,7395.45,3690.87,37.9,Nordeste,Premium,1
CUST-00626,33,2019-06-13,3557.04,645.5,52.2,Nordeste,Standard,1
CUST-00627,45,2020-06-10,35131.76,9820.1,3.0,Sudeste,Business,1
CUST-00628,35,2017-08-09,5082.67,1582.07,35.0,Nordeste,Premium,1
CUST-00629,47,2016-05-02,3058.71,543.03,48.3,Sudeste,Standard,1
CUST-00630,48,2020-07-20,1383.37,762.86,81.2,Norte,Standard,0
CUST-00631,24,2018-03-12,1283.45,552.43,68.5,Sudeste,Standard,1
CUST-00632,60,2018-09-24,1546.62,458.54,29.1,Sudeste,Standard,1
CUST-00633,57,2020-12-12,3754.34,1895.95,23.5,Norte,Standard,1
CUST-00634,18,2021-12-29,9521.96,2880.83,22.4,Centro-Oeste,Premium,1
CUST-00635,57,2019-11-16,15557.7,6807.29,75.9,Nordeste,Premium,1
CUST-00636,62,2021-10-23,6510.75,2762.59,37.8,Sudeste,Premium,1
CUST-00637,37,2018-09-21,2265.64,358.49,89.4,Nordeste,Standard,1
CUST-00638,71,2019-07-12,1023.62,425.01,38.5,Sudeste,Standard,1
CUST-00639,36,2023-07-04,2458.3,972.31,35.4,Sudeste,Standard,1
CUST-00640,45,2017-06-16,1190.53,650.55,45.5,Centro-Oeste,Standard,1
CUST-00641,19,2022-02-10,1576.6,428.71,28.3,Sudeste,Standard,1
CUST-00642,36,2019-07-18,43740.53,19095.09,16.5,Sul,Business,1
CUST-00643,36,2016-03-04,12004.68,1975.35,8.0,Sudeste,Premium,1
CUST-00644,37,2021-04-15,1141.15,124.46,64.3,Sudeste,Standard,1
CUST-00645,32,2018-06-19,2020.97,561.06,23.9,Sudeste,Standard,1
CUST-00646,60,2022-10-02,15119.59,4821.84,51.1,Sudeste,Premium,1
CUST-00647,70,2017-08-12,1316.23,546.19,88.8,Sudeste,Standard,1
CUST-00648,64,2022-10-22,2091.21,1065.64,85.3,Sudeste,Standard,1
CUST-00649,28,2022-12-18,3145.6,967.29,41.6,Sudeste,Standard,1
CUST-00650,45,2019-04-14,46177.45,26594.53,12.0,Sudeste,Business,1
CUST-00651,63,2018-02-12,15679.18,4035.86,65.0,Sudeste,Business,1
CUST-00652,59,2022-03-24,14667.87,6098.96,19.5,Centro-Oeste,Business,1
CUST-00653,61,2016-01-23,1912.97,901.68,39.6,Sudeste,Standard,1
CUST-00654,59,2018-12-17,14652.1,7190.98,36.8,Norte,Premium,1
CUST-00655,64,2022-07-04,2622.37,542.48,60.1,Norte,Standard,1
CUST-00656,52,2017-04-11,3496.69,881.06,31.9,Nordeste,Standard,1
CUST-00657,25,2023-05-21,15296.12,4961.58,89.8,Nordeste,Premium,1
CUST-00658,55,2017-07-30,15250.47,6599.8,64.9,Sudeste,Premium,1
CUST-00659,54,2016-05-18,2133.0,999.86,39.9,Sudeste,Standard,1
CUST-00660,45,2019-04-20,1186.58,645.8,56.3,Sudeste,Standard,1
CUST-00661,43,2020-12-17,2909.38,1740.55,47.0,Nordeste,Standard,1
CUST-00662,49,2018-10-15,3113.57,1655.29,25.0,Sul,Standard,1
CUST-00663,25,2017-03-04,5324.03,1516.25,14.0,Centro-Oeste,Premium,1
CUST-00664,36,2018-06-21,1428.61,702.73,57.3,Nordeste,Standard,1
CUST-00665,18,2022-07-19,1202.69,147.14,51.7,Centro-Oeste,Standard,1
CUST-00666,71,2017-02-16,1415.57,592.03,84.2,Nordeste,Standard,1
CUST-00667,57,2019-04-30,3700.73,997.34,16.5,Nordeste,Standard,1
CUST-00668,19,2017-07-04,13259.14,3373.44,26.9,Sul,Premium,1
CUST-00669,66,2023-04-30,32065.77,15240.2,43.8,Sudeste,Business,1
CUST-00670,35,2021-08-12,3116.85,1695.03,40.6,Norte,Standard,1
CUST-00671,19,2020-02-09,2244.81,1189.35,67.7,Nordeste,Standard,1
CUST-00672,34,2022-11-30,3856.49,1694.17,32.5,Centro-Oeste,Standard,1
CUST-00673,27,2019-04-17,7095.21,4049.87,86.0,Sudeste,Premium,1
CUST-00674,50,2018-04-06,1345.24,175.31,48.9,Nordeste,Standard,1
CUST-00675,35,2017-09-15,37816.15,8438.98,11.0,Sudeste,Business,1
CUST-00676,58,2018-04-23,3903.73,1119.01,98.3,Sudeste,Standard,1
CUST-00677,28,2023-11-30,3765.43,891.09,53.1,Centro-Oeste,Standard,1
CUST-00678,52,2017-08-09,1269.15,570.12,84.3,Sudeste,Standard,1
CUST-00679,39,2016-10-18,3258.08,1063.3,43.3,Sudeste,Standard,0
CUST-00680,62,2022-06-03,4024.57,1361.37,43.3,Sul,Premium,1
CUST-00681,66,2019-07-08,3361.92,1427.3,62.5,Sudeste,Standard,1
CUST-00682,40,2019-08-01,3303.9,1481.85,9.9,Centro-Oeste,Standard,1
CUST-00683,57,2016-11-28,3153.43,684.7,62.9,Sudeste,Standard,1
CUST-00684,30,2016-10-04,3609.75,1388.13,40.2,Sudeste,Standard,1
CUST-00685,22,2017-04-28,1195.15,274.66,52.7,Nordeste,Standard,1
CUST-00686,62,2016-04-26,1758.76,668.43,39.1,Norte,Standard,1
CUST-00687,45,2019-05-11,3040.52,1013.39,55.5,Sudeste,Standard,0
CUST-00688,30,2020-03-02,2715.46,305.99,68.4,Nordeste,Standard,1
CUST-00689,37,2023-03-20,5160.71,1754.55,39.9,Centro-Oeste,Premium,1
CUST-00690,24,2018-08-11,2022.41,257.28,33.6,Sudeste,Standard,1
CUST-00691,23,2023-03-29,26652.32,14526.63,20.0,Nordeste,Business,1
CUST-00692,21,2020-08-12,8820.2,3604.38,8.3,Sudeste,Premium,1
CUST-00693,47,2019-02-13,11430.77,3084.12,39.8,Centro-Oeste,Premium,1
CUST-00694,24,2023-10-13,1202.63,594.95,24.1,Sudeste,Standard,1
CUST-00695,46,2021-11-01,3391.08,441.67,50.0,Sudeste,Standard,1
CUST-00696,37,2017-02-25,2106.49,219.16,86.0,Sul,Standard,1
CUST-00697,45,2020-01-24,1601.12,887.42,58.5,Sul,Standard,1
CUST-00698,39,2017-06-07,2006.98,501.38,17.6,Sudeste,Standard,1
CUST-00699,58,2021-06-02,9598.44,1982.74,14.1,Sudeste,Premium,1
CUST-00700,43,2021-11-08,4080.7,428.25,16.3,Sudeste,Premium,1
CUST-00701,66,2019-11-19,1089.06,216.63,19.1,Sudeste,Standard,1
CUST-00702,19,2021-12-11,14927.79,1649.47,42.9,Nordeste,Premium,1
CUST-00703,37,2018-10-21,3428.46,1475.8,93.3,Sudeste,Standard,1
CUST-00704,42,2016-02-18,2798.65,1646.98,28.4,Sudeste,Standard,1
CUST-00705,38,2021-02-23,3386.84,1816.79,91.7,Sudeste,Standard,1
CUST-00706,50,2019-07-27,11740.86,4163.07,27.3,Centro-Oeste,Premium,1
CUST-00707,63,2018-05-16,2743.56,1149.7,82.4,Sudeste,Standard,1
CUST-00708,31,2020-06-27,2131.25,380.65,29.5,Nordeste,Standard,0
CUST-00709,50,2016-12-14,2353.45,744.29,45.6,Norte,Standard,1
CUST-00710,36,2018-04-17,2930.96,1444.78,40.4,Sudeste,Standard,1
CUST-00711,35,2021-10-13,15975.95,9572.83,27.6,Norte,Premium,1
CUST-00712,70,2020-01-13,8845.73,2679.19,23.0,Sudeste,Premium,1
CUST-00713,27,2019-06-18,3170.01,649.65,30.8,Sudeste,Standard,1
CUST-00714,23,2020-05-29,9145.52,5221.77,23.8,Norte,Premium,1
CUST-00715,26,2020-06-29,12863.04,6498.42,36.6,Sudeste,Business,1
CUST-00716,67,2016-03-05,1978.24,220.81,85.0,Centro-Oeste,Standard,1
CUST-00717,56,2017-02-07,2172.66,631.5,53.6,Sudeste,Standard,1
CUST-00718,28,2022-10-01,6131.63,3146.98,78.6,Sul,Premium,1
CUST-00719,31,2021-04-22,2573.19,842.29,46.0,Nordeste,Standard,1
CUST-00720,65,2023-02-24,3710.76,754.17,86.2,Centro-Oeste,Standard,1
CUST-00721,63,2016-03-28,1605.11,955.91,40.8,Centro-Oeste,Standard,1
CUST-00722,49,2018-10-05,1117.25,162.62,67.1,Sudeste,Standard,1
CUST-00723,70,2021-12-15,1538.73,629.14,36.9,Nordeste,Standard,1
CUST-00724,20,2021-03-26,5895.19,3190.94,20.5,Sudeste,Premium,1
CUST-00725,49,2019-04-23,33230.9,19860.72,4.3,Centro-Oeste,Business,1
CUST-00726,34,2021-08-05,2386.5,325.99,68.0,Sul,Standard,1
CUST-00727,18,2021-02-09,3751.41,988.7,89.5,Nordeste,Standard,1
CUST-00728,26,2018-08-22,14098.75,2612.42,3.1,Sudeste,Premium,1
CUST-00729,22,2016-05-22,12128.6,2143.71,12.7,Sudeste,Premium,1
CUST-00730,69,2018-01-21,12596.93,6909.48,28.3,Norte,Premium,1
CUST-00731,67,2021-08-28,26549.18,5821.44,2.6,Centro-Oeste,Business,1
CUST-00732,60,2023-03-19,3646.86,1817.82,57.3,Sudeste,Standard,1
CUST-00733,31,2017-11-05,2283.64,493.73,76.6,Norte,Standard,1
CUST-00734,32,2023-03-07,7341.49,3024.36,1.1,Sul,Premium,1
CUST-00735,68,2017-07-15,3877.1,1550.58,48.9,Sudeste,Standard,1
CUST-00736,38,2016-06-12,2005.32,810.68,46.6,Sudeste,Standard,1
CUST-00737,32,2023-09-07,14761.35,3755.65,25.8,Norte,Premium,1
CUST-00738,36,2021-08-27,1613.16,191.89,32.0,Sudeste,Standard,1
CUST-00739,59,2020-09-07,6748.12,3147.57,31.4,Sul,Premium,1
CUST-00740,69,2016-03-18,6669.33,3577.11,46.6,Norte,Premium,1
CUST-00741,30,2023-05-03,5698.38,1151.7,3.7,Sul,Premium,1
CUST-00742,23,2019-02-21,7737.56,3565.75,25.5,Centro-Oeste,Premium,1
CUST-00743,58,2021-08-30,3343.87,468.17,28.2,Sudeste,Standard,1
CUST-00744,68,2018-07-07,2144.26,1130.07,60.8,Sudeste,Standard,1
CUST-00745,47,2020-06-28,2125.44,856.58,19.7,Nordeste,Standard,0
CUST-00746,50,2019-09-22,3777.07,2153.47,44.3,Norte,Standard,1
CUST-00747,42,2017-07-30,3288.85,1902.76,74.3,Sudeste,Standard,1
CUST-00748,21,2016-08-14,2272.12,507.58,56.9,Norte,Standard,1
CUST-00749,27,2020-12-27,15331.18,2662.78,10.6,Nordeste,Premium,1
CUST-00750,23,2016-09-10,8612.17,3901.61,88.2,Sul,Premium,1
CUST-00751,45,2021-01-31,10007.76,3668.85,47.1,Sudeste,Premium,1
CUST-00752,23,2022-09-11,13320.29,3625.74,3.9,Sudeste,Premium,1
CUST-00753,28,2018-05-28,1209.52,542.06,37.2,Centro-Oeste,Standard,1
CUST-00754,30,2018-06-19,3845.45,1251.04,9.4,Sul,Standard,1
CUST-00755,58,2016-12-01,2909.3,407.03,33.5,Sudeste,Standard,0
CUST-00756,35,2023-11-03,13470.49,1628.98,5.2,Sudeste,Premium,1
CUST-00757,35,2018-06-21,2011.09,632.94,49.5,Centro-Oeste,Standard,1
CUST-00758,24,2023-11-20,3094.92,1431.74,68.7,Sudeste,Standard,1
CUST-00759,57,2016-03-23,9702.39,2974.4,12.7,Sudeste,Premium,1
CUST-00760,46,2021-04-20,8801.98,3576.21,4.8,Sul,Premium,1
CUST-00761,72,2016-01-28,40035.42,9886.01,9.6,Sudeste,Business,1
CUST-00762,50,2023-07-25,3390.46,849.9,63.2,Sudeste,Standard,1
CUST-00763,31,2022-01-03,11916.94,1724.57,14.3,Sul,Premium,1
CUST-00764,67,2020-10-10,1772.89,599.5,17.7,Sul,Standard,1
CUST-00765,56,2023-03-13,8524.12,3910.2,46.8,Sudeste,Premium,1
CUST-00766,69,2021-04-21,1347.07,193.76,45.8,Sul,Standard,1
CUST-00767,54,2023-11-26,2770.18,539.99,27.6,Sul,Standard,1
CUST-00768,60,2017-03-04,1319.76,138.04,56.9,Sudeste,Standard,1
CUST-00769,70,2016-01-14,1960.42,688.48,37.0,Sudeste,Standard,1
CUST-00770,36,2016-01-09,14705.47,7427.81,2.8,Sul,Business,1
CUST-00771,65,2023-05-01,41601.45,21981.77,31.0,Sul,Business,1
CUST-00772,19,2017-10-10,2267.31,763.43,75.3,Centro-Oeste,Standard,1
CUST-00773,62,2017-10-10,1392.7,663.11,30.7,Sudeste,Standard,1
CUST-00774,26,2018-12-19,7492.98,1291.88,6.2,Norte,Premium,1
CUST-00775,54,2022-10-11,15861.81,2756.83,64.0,Sul,Premium,1
CUST-00776,48,2021-11-27,16900.51,6045.61,10.3,Sudeste,Business,1
CUST-00777,25,2021-03-21,1908.07,759.56,16.5,Sudeste,Standard,1
CUST-00778,47,2016-08-17,2897.0,934.45,20.7,Sudeste,Standard,1
CUST-00779,24,2017-04-09,2452.57,1035.72,66.9,Norte,Standard,1
CUST-00780,52,2017-12-22,2556.7,1003.15,84.0,Sul,Standard,1
CUST-00781,29,2017-03-15,4063.89,1315.14,54.5,Sudeste,Premium,1
CUST-00782,34,2023-07-12,1374.15,342.56,46.7,Nordeste,Standard,1
CUST-00783,38,2018-01-22,49879.89,20105.89,11.7,Norte,Business,0
CUST-00784,27,2020-07-23,6582.56,1099.97,24.5,Sudeste,Premium,1
CUST-00785,53,2021-01-22,2949.31,535.77,37.1,Nordeste,Standard,1
CUST-00786,58,2020-11-24,38630.11,7583.62,8.3,Sudeste,Business,1
CUST-00787,27,2020-05-16,28761.02,3248.7,37.1,Nordeste,Business,1
CUST-00788,22,2020-03-23,8353.83,2228.46,69.5,Sul,Premium,1
CUST-00789,24,2022-07-15,3184.98,806.68,69.3,Sul,Standard,1
CUST-00790,56,2022-10-23,6048.97,3467.6,26.3,Sul,Premium,1
CUST-00791,56,2019-05-28,1382.72,144.84,75.9,Sudeste,Standard,1
CUST-00792,64,2016-10-01,39031.34,8764.71,14.4,Sul,Business,1
CUST-00793,50,2020-09-14,2283.3,1303.4,83.7,Sul,Standard,1
CUST-00794,38,2022-11-28,4920.32,1082.56,4.0,Centro-Oeste,Premium,1
CUST-00795,69,2023-10-20,28399.39,10063.07,25.3,Sul,Business,1
CUST-00796,62,2022-07-10,2848.86,1582.38,53.1,Nordeste,Standard,1
CUST-00797,70,2017-12-30,4508.27,1462.15,11.2,Centro-Oeste,Premium,1
CUST-00798,49,2019-09-02,3909.19,1051.49,36.1,Centro-Oeste,Standard,1
CUST-00799,34,2021-07-13,2893.53,858.83,55.2,Sul,Standard,1
CUST-00800,21,2019-12-06,2381.06,593.3,14.5,Norte,Standard,1
